{
  "annualized_sharpe": -0.11230712015992143,
  "total_return": -0.028681002440427372,
  "annualized_return": -0.028681002440427372,
  "annualized_volatility": 0.2553800898784211,
  "max_drawdown": 0.28256800769473167,
  "average_turnover": 0.0,
  "transaction_cost_drag": 0.0,
  "constraint_violations": [],
  "n_constraint_violations": 0,
  "fit_time_seconds": 0.0,
  "eval_time_seconds": 0.02,
  "total_time_seconds": 0.02,
  "n_rebalance_dates": 12
}